,main_category,actual_price_mean,actual_price_median,actual_price_std,actual_price_count,actual_price_min,actual_price_max,discounted_price_mean,discounted_price_median,discounted_price_std,discounted_price_count,discounted_price_min,discounted_price_max,discount_percentage_mean,discount_percentage_median,discount_percentage_std,discount_percentage_count,discount_percentage_min,discount_percentage_max,rating_mean,rating_median,rating_std,rating_count,rating_min,rating_max,rating_count_mean,rating_count_median,rating_count_std,rating_count_count,rating_count_min,rating_count_max
0,Car&Motorbike,4000.0,4000.0,,1,4000.0,4000.0,2339.0,2339.0,,1,2339.0,2339.0,42.0,42.0,,1,42.0,42.0,3.8,3.8,,1,3.8,3.8,1118.0,1118.0,,1,1118.0,1118.0
1,Computers&Accessories,1857.7457,999.0,4234.83,375,39.0,59890.0,947.489,399.0,2604.7467,375,39.0,37247.0,53.224,56.0,19.9874,375,0.0,94.0,4.1539,4.2,0.2708,375,3.0,5.0,16919.0853,7241.0,31089.9622,375,5.0,253105.0
2,Electronics,10418.0837,2999.0,15924.3509,490,171.0,139900.0,6225.8694,1384.0,10561.5422,490,79.0,77990.0,49.9061,52.0,22.1741,490,0.0,91.0,4.0778,4.1,0.274,490,2.8,4.7,28996.7469,9129.5,60441.813,490,7.0,426973.0
3,Health&PersonalCare,1900.0,1900.0,,1,1900.0,1900.0,899.0,899.0,,1,899.0,899.0,53.0,53.0,,1,53.0,53.0,4.0,4.0,,1,4.0,4.0,3663.0,3663.0,,1,3663.0,3663.0
4,Home&Kitchen,4162.0737,2000.0,6801.7026,448,79.0,75990.0,2330.6156,1199.0,3467.4038,448,79.0,42990.0,40.1205,41.5,18.4485,448,0.0,90.0,4.0408,4.1,0.3343,448,2.0,4.8,6676.4933,2305.5,16437.9647,448,2.0,270563.0
5,HomeImprovement,799.0,799.0,282.8427,2,599.0,999.0,337.0,337.0,124.4508,2,249.0,425.0,57.5,57.5,0.7071,2,57.0,58.0,4.25,4.25,0.3536,2,4.0,4.5,4283.0,4283.0,2406.9915,2,2581.0,5985.0
6,MusicalInstruments,1347.0,1347.0,916.4104,2,699.0,1995.0,638.0,638.0,226.2742,2,478.0,798.0,46.0,46.0,19.799,2,32.0,60.0,3.9,3.9,0.1414,2,3.8,4.0,44441.0,44441.0,34256.4951,2,20218.0,68664.0
7,OfficeProducts,397.1935,210.0,552.7818,31,50.0,2999.0,301.5806,178.0,317.2887,31,50.0,1399.0,12.3548,5.0,18.2109,31,0.0,75.0,4.3097,4.3,0.1491,31,4.0,4.5,4828.2258,4426.0,2853.0958,31,388.0,12179.0
8,Toys&Games,150.0,150.0,,1,150.0,150.0,150.0,150.0,,1,150.0,150.0,0.0,0.0,,1,0.0,0.0,4.3,4.3,,1,4.3,4.3,15867.0,15867.0,,1,15867.0,15867.0
